"./admin/_migration_diag.php",15,dynamic_include,"require_once $authPath;"
"./admin/_migration_diag.php",36,dynamic_include,"    require_once $runner;"
"./admin/ai-assist/index.php",39,exec_family,"        $response = curl_exec($ch);"
"./admin/cdn/cloudflareadapter.php",33,exec_family,"        $response = curl_exec($ch);"
"./admin/cdn/cloudflareadapter.php",53,exec_family,"        $response = curl_exec($ch);"
"./admin/cdn/cloudflareadapter.php",73,exec_family,"        curl_exec($ch);"
"./admin/components/securitydashboard.php",170,exec_family,"        curl_exec($ch);"
"./admin/controllers/backupcontroller.php",123,exec_family,"                // exec() disabled for security compliance"
"./admin/controllers/pluginscontroller.php",118,dynamic_include,"            require_once $resolved;"
"./admin/core/pluginservice.php",327,exec_family,"        if (!curl_exec($ch)) {"
"./admin/core/services/pluginmarketplaceservice.php",65,exec_family,"        $response = curl_exec($ch);"
"./admin/database/migrate.php",64,exec_family,"    $db->exec(""CREATE TABLE IF NOT EXISTS migrations ("
"./admin/db/migrations/0001_tenant_isolation.php",16,exec_family,"$pdo->exec("""
"./admin/db/migrations/0001_tenant_isolation.php",31,exec_family,"    $pdo->exec(""INSERT INTO tenants (name, domain, database_name, status)"
"./admin/db/migrations/20250626_phase4_seo_fields.php",25,exec_family,"            $db->exec($sql);"
"./admin/db/migrations/20250701_content_state_migration.php",25,exec_family,"            $db->exec($sql);"
"./admin/db/migrations/20250709122900_create_scheduled_tasks_table.php",18,exec_family,"    $pdo->exec("""
"./admin/db/migrations/20250709_153900_create_scheduled_tasks_table.php",28,exec_family,"    $pdo->exec($sql);"
"./admin/db/migrations/20250711_0010_create_widget_settings_table.php",13,exec_family,"    $pdo->exec("""
"./admin/db/migrations/20250711_0010_create_widget_settings_table.php",44,exec_family,"        $pdo->exec(""DROP TABLE IF EXISTS widget_settings"");"
"./admin/db/migrations/202507121640_create_content_versions.php",27,exec_family,"    $db->exec($sql);"
"./admin/db/migrations/20250712_1550_create_notifications_table.php",11,exec_family,"            $db->exec("""
"./admin/db/migrations/20250712_1550_create_notifications_table.php",39,exec_family,"        $db->exec(""DROP TABLE IF EXISTS notifications"");"
"./admin/db/migrations/20250716293500_add_content_status_fields.php",15,exec_family,"        $pdo->exec($sql);"
"./admin/db/migrations/20250716293500_add_content_status_fields.php",35,exec_family,"        $pdo->exec($sql);"
"./admin/db/migrations/phase17_analytics_tables.php",20,exec_family,"    $pdo->exec("""
"./admin/db/migrations/phase17_analytics_tables.php",41,exec_family,"    $pdo->exec("""
"./admin/db/migrations/phase4-error-logs/index.php",149,exec_family,"                $result = $pdo->exec(""TRUNCATE TABLE worker_monitoring_errors"");"
"./admin/db/migrations/user_roles_schema.php",22,exec_family,"    $pdo->exec($sql);"
"./admin/includes/navigation.php",66,dynamic_include,"                require_once $statusFile;"
"./admin/index.php",30,dynamic_include,"        require_once $statusPath;"
"./admin/migration_manager.php",156,dynamic_include,"            require_once $resolved;"
"./admin/plugins/plugindownloader.php",46,exec_family,"            if (!curl_exec($ch)) {"
"./admin/schedule-content.php",108,dynamic_include,"required"
"./admin/scheduling/create.php",218,dynamic_include,"require_once $layoutPath;"
"./admin/scheduling/edit.php",104,dynamic_include,"               required>"
"./admin/scheduling/edit.php",111,dynamic_include,"               required>"
"./admin/scheduling/edit.php",118,dynamic_include,"               required>"
"./admin/seo/seosuggestionengine.php",66,exec_family,"        $response = curl_exec($ch);"
"./admin/templates/create.php",80,dynamic_include," required>"
"./admin/templates/create.php",106,dynamic_include," required>"
"./admin/templates/edit.php",103,dynamic_include," required>"
"./admin/test-backup/logs/index.php",1,dev_gate_missing,"File does not check DEV_MODE"
"./admin/users/create.php",17,dynamic_include," required>"
"./admin/users/create.php",23,dynamic_include," required>"
"./admin/users/create.php",29,dynamic_include," required>"
"./admin/users/create.php",35,dynamic_include," required>"
"./admin/users/edit.php",50,dynamic_include," required>"
"./admin/users/edit.php",56,dynamic_include," required>"
"./admin/users/edit.php",68,dynamic_include," required>"
"./admin/users/index.php",82,dynamic_include,"    require_once $layoutPath;"
"./admin/users/views/profile_edit.php",37,dynamic_include," required>"
"./admin/users/views/profile_edit.php",45,dynamic_include," required>"
"./admin/versions.php",137,db_new_pdo,"            throw new PDOException('Version not found');"
"./admin/views/batch-management.php",46,dynamic_include," required>"
"./admin/views/batch-management.php",51,dynamic_include," required>"
"./admin/views/batch-management.php",61,dynamic_include," required>"
"./admin/views/blog/create.php",13,dynamic_include," required>"
"./admin/views/blog/create.php",19,dynamic_include," required></textarea>"
"./admin/views/blog/edit.php",15,dynamic_include," required>"
"./admin/views/blog/edit.php",21,dynamic_include," required><?= htmlspecialchars($post->content) ?></textarea>"
"./admin/views/communications/create.php",12,dynamic_include," required>"
"./admin/views/communications/create.php",23,dynamic_include," required>"
"./admin/views/communications/create.php",28,dynamic_include," required></textarea>"
"./admin/views/communications/thread.php",36,dynamic_include," required></textarea>"
"./admin/views/content/editor.php",158,dynamic_include,"                   required>"
"./admin/views/content_types/fields/add.php",16,dynamic_include," required>"
"./admin/views/content_types/fields/add.php",23,dynamic_include," required>"
"./admin/views/content_types/fields/add.php",29,dynamic_include," required>"
"./admin/views/content_types/form.php",18,dynamic_include," required>"
"./admin/views/content_types/form.php",25,dynamic_include," required>"
"./admin/views/hooks/edit.php",11,dynamic_include," required>"
"./admin/views/notifications/create.php",82,dynamic_include," required>"
"./admin/views/notifications/create.php",100,dynamic_include," required>"
"./admin/views/roles/create.php",14,dynamic_include," required"
"./admin/views/roles/edit.php",14,dynamic_include,"                   required"
"./admin/views/settings/languages.php",154,dynamic_include,"                                   required>"
"./admin/views/tasks/edit.php",24,dynamic_include,"                   required>"
"./admin/views/themes/import.php",21,dynamic_include," required>"
"./admin/views/users/create.php",21,dynamic_include," required>"
"./admin/views/users/create.php",28,dynamic_include," required>"
"./admin/views/users/create.php",35,dynamic_include," required>"
"./admin/views/users/create.php",42,dynamic_include," required>"
"./admin/views/users/edit.php",22,dynamic_include," required>"
"./admin/views/users/edit.php",29,dynamic_include," required>"
"./admin/views/users/form.php",14,dynamic_include," required>"
"./admin/views/users/form.php",21,dynamic_include," required>"
"./admin/views/users/form.php",32,dynamic_include," required>"
"./admin/views/users/update.php",22,dynamic_include," required>"
"./admin/views/users/update.php",29,dynamic_include," required>"
"./admin/views/version-management/version_restore.php",48,dynamic_include," required></textarea>"
"./admin/views/widgets/edit.php",17,dynamic_include," required>"
"./admin/views/widgets/edit.php",23,dynamic_include," required>"
"./admin/views/workers/permissions.php",127,dynamic_include," required>"
"./admin/views/workers/permissions.php",189,dynamic_include," required>"
"./admin/widgets/regions.php",72,dynamic_include," required>"
"./admin/widgets/regions.php",84,dynamic_include," required>"
"./admin/widgets/views/settings.php",39,dynamic_include," required>"
"./admin/workers/create.php",67,dynamic_include,"               required"
"./admin/workers/profile.php",122,dynamic_include,"                       required>"
"./admin/workers/profile.php",128,dynamic_include,"                       required>"
"./admin/workers/profile.php",134,dynamic_include,"                       required>"
"./admin/workers/profile.php",151,dynamic_include,"                       required>"
"./admin/workers/profile.php",157,dynamic_include,"                       required>"
"./admin/workers/profile.php",163,dynamic_include,"                       required>"
"./admin/workflow/automation.php",81,dynamic_include,"                           required>"
"./admin/workflow/automation.php",87,dynamic_include,"                            required>"
"./admin/workflow/automation.php",100,dynamic_include,"                              required></textarea>"
"./api-docs/index.php",35,dynamic_include,"required)</li>"
"./api/ai/generate-block.php",36,exec_family,"$response = curl_exec($ch);"
"./api/db/verify_content_types.php",32,dynamic_include,"require_once $target;"
"./api/gateway/gateway.php",65,exec_family,"        $response = curl_exec($ch);"
"./api/includes/notificationservice.php",11,exec_family,"        $response = curl_exec($ch);"
"./api/v1/analytics/aggregate_monthly.php",19,exec_family,"    $pdo->exec(""SET time_zone = '+00:00'"");"
"./assets/views/version/compare.php",17,dynamic_include,"    require_once $__candidate;"
"./auth/login.php",86,dynamic_include," required>"
"./auth/login.php",91,dynamic_include," required>"
"./auth/services/emergencylogger.php",17,exec_family,"        /* exec disabled: was $this->db->exec("""
"./auth/services/sessionservice.php",35,dynamic_include,"                    require_once $__target;"
"./core/aiclient.php",36,exec_family,"        $response = curl_exec($ch);"
"./core/aicoremanager.php",52,exec_family,"        $response = curl_exec($ch);"
"./core/consentmanager.php",38,exec_family,"        // Store in file system (could be replaced with DB)"
"./core/extension_loader.php",58,dynamic_include,"            require_once $bootstrap_file;"
"./core/extensioninstaller.php",124,dynamic_include,"                require_once $installScript;"
"./core/httpclient.php",35,exec_family,"        $response = curl_exec($ch);"
"./core/migration.php",25,dynamic_include,"                require_once $__target;"
"./core/migration.php",55,dynamic_include,"                require_once $__target;"
"./core/moduleregistry.php",73,dynamic_include,"            require_once $routesFile;"
"./core/pluginsandbox.php",40,dynamic_include,"            require_once $pluginFile;"
"./core/remotefetcher.php",19,exec_family,"        $response = curl_exec($ch);"
"./core/remotefetcher.php",58,exec_family,"        $response = curl_exec($ch);"
"./core/reportgenerator.php",37,exec_family,"        $response = curl_exec($ch);"
"./core/responsehandler.php",125,dynamic_include,"        require_once $templatePath;"
"./core/router.php",42,dynamic_include,"                require_once $file;"
"./core/systemmonitor.php",86,exec_family,"                $response = curl_exec($ch);"
"./core/template.php",78,dynamic_include,"        require_once $__target;"
"./core/templaterenderer.php",57,dynamic_include,"            require_once $path;"
"./core/thememanager.php",46,dynamic_include,"        require_once $resolved;"
"./data_models/SchemaBuilder.php",28,exec_family,"            self::$connection->exec($sql);"
"./data_models/SchemaBuilder.php",36,exec_family,"        self::$connection->exec($sql);"
"./data_models/SchemaBuilder.php",47,exec_family,"        self::$connection->exec($sql);"
"./data_models/create_database.php",8,exec_family,"    $pdo->exec(""CREATE DATABASE IF NOT EXISTS `cms` CHARACTER SET utf8mb4 COLLATE utf8mb4_unicode_ci"");"
"./data_models/migrationrunner.php",34,dynamic_include,"            require_once $target;"
"./data_models/migrationrunner.php",68,dynamic_include,"                require_once $target;"
"./data_models/migrationrunner.php",96,exec_family,"        $dbConnection->exec($sql);"
"./data_models/migrationrunner.php",109,dynamic_include,"                 require_once $target;"
"./data_models/seeders/ContentVersionDiffSeeder.php",25,exec_family,"            $pdo->exec('SET FOREIGN_KEY_CHECKS=0;'); // Disable FK checks for cleanup"
"./data_models/seeders/ContentVersionDiffSeeder.php",161,exec_family,"            $pdo->exec('SET FOREIGN_KEY_CHECKS=1;');"
"./data_models/seeders/ContentVersionDiffSeeder.php",165,exec_family,"            $pdo->exec('SET FOREIGN_KEY_CHECKS=1;');"
"./data_models/test/migrationrunner.php",23,dynamic_include,"        require_once $migrationFile;"
"./data_models/test/migrationrunner.php",44,exec_family,"        self::$pdo->exec(""CREATE TABLE IF NOT EXISTS test_empty (id INT)"");"
"./data_models/test/migrationrunner.php",45,exec_family,"        self::$pdo->exec(""DROP TABLE test_empty"");"
"./data_models/test/migrationrunner.php",48,exec_family,"        self::$pdo->exec(""CREATE TABLE IF NOT EXISTS test_large (data LONGTEXT)"");"
"./data_models/test/migrationrunner.php",52,exec_family,"        self::$pdo->exec(""DROP TABLE test_large"");"
"./database/migrations/0001_tenant_isolation.php",14,exec_family,"        $db->exec(""CREATE TABLE tenants ("
"./database/migrations/0001_tenant_isolation.php",22,exec_family,"        $db->exec(""CREATE TABLE tenant_metrics ("
"./database/migrations/0001_tenant_isolation.php",30,exec_family,"        $db->exec(""CREATE TABLE content_pages ("
"./database/migrations/0001_tenant_isolation.php",39,exec_family,"        $db->exec(""CREATE TABLE users ("
"./database/migrations/0001_tenant_isolation.php",47,exec_family,"        $db->exec(""CREATE TABLE audit_log ("
"./database/migrations/0001_tenant_isolation.php",57,exec_family,"        $db->exec(""CREATE TABLE migrations ("
"./database/migrations/0001_tenant_isolation.php",72,exec_family,"            $db->exec(""DROP TABLE IF EXISTS $table"");"
"./debug_home_page.php",1,dev_gate_missing,"File does not check DEV_MODE"
"./debug_rename_table.php",31,exec_family,"    $pdo->exec($sql);"
"./debug_router_fix.php",1,dev_gate_missing,"File does not check DEV_MODE"
"./debug_version_operations.php",1,dev_gate_missing,"File does not check DEV_MODE"
"./debug_worker_monitoring.php",1,dev_gate_missing,"File does not check DEV_MODE"
"./deployment/phase11_validation.php",21,dynamic_include,"            require_once $file;"
"./developer-tools/block-sandbox/index.php",1,dev_gate_missing,"File does not check DEV_MODE"
"./developer-tools/block-sandbox/render.php",1,dev_gate_missing,"File does not check DEV_MODE"
"./developer-tools/hook-debug/get-data.php",1,dev_gate_missing,"File does not check DEV_MODE"
"./developer-tools/memory-browser/memorybrowser.php",1,dev_gate_missing,"File does not check DEV_MODE"
"./developer-tools/memory-browser/memorybrowserui.php",1,dev_gate_missing,"File does not check DEV_MODE"
"./developer-tools/memory-browser/router.php",1,dev_gate_missing,"File does not check DEV_MODE"
"./developer-tools/plugin-scaffold/ScaffoldGenerator.php",1,dev_gate_missing,"File does not check DEV_MODE"
"./developer-tools/plugin-scaffold/index.php",1,dev_gate_missing,"File does not check DEV_MODE"
"./developer-tools/plugin-scaffold/index.php",55,dynamic_include," required"
"./developer-tools/plugin-scaffold/index.php",62,dynamic_include," required"
"./developer-tools/plugin-scaffold/index.php",69,dynamic_include," required"
"./developer-tools/plugin-scaffold/pluginscaffold.php",1,dev_gate_missing,"File does not check DEV_MODE"
"./developer-tools/securitymiddleware.php",1,dev_gate_missing,"File does not check DEV_MODE"
"./endpoints/EndpointHandler_1102_TestEndpoints.php",1,dev_gate_missing,"File does not check DEV_MODE"
"./endpoints/EndpointHandler_1102_TestEndpoints.php",41,exec_family,"            $pdo->exec(""DELETE FROM content_versions WHERE created_by = 'test'"");"
"./endpoints/EndpointHandler_1102_TestEndpoints.php",42,exec_family,"            $pdo->exec(""DELETE FROM federation_log WHERE source_tenant = 'test'"");"
"./endpoints/analytics.php",1,dev_gate_missing,"File does not check DEV_MODE"
"./endpoints/metrics_aggregate.php",1,dev_gate_missing,"File does not check DEV_MODE"
"./endpoints/migration_0003.php",1,dev_gate_missing,"File does not check DEV_MODE"
"./endpoints/migration_testing.php",1,dev_gate_missing,"File does not check DEV_MODE"
"./endpoints/personalization-api.php",1,dev_gate_missing,"File does not check DEV_MODE"
"./endpoints/search-api.php",1,dev_gate_missing,"File does not check DEV_MODE"
"./endpoints/test/content_locks.php",1,dev_gate_missing,"File does not check DEV_MODE"
"./endpoints/test/version_comparison.php",1,dev_gate_missing,"File does not check DEV_MODE"
"./endpoints/test/version_history.php",1,dev_gate_missing,"File does not check DEV_MODE"
"./endpoints/workflow-api.php",1,dev_gate_missing,"File does not check DEV_MODE"
"./includes/Controllers/Admin/usercontroller.php",24,dynamic_include,"        require_once $target;"
"./includes/Controllers/Admin/usercontroller.php",38,dynamic_include,"            require_once $target;"
"./includes/Controllers/Admin/usercontroller.php",91,dynamic_include,"            require_once $target; // The view will use the $user variable passed to it or defined globally"
"./includes/Deployment/versionmanager.php",22,exec_family,"        /* exec disabled: was $this->db->exec("""
"./includes/Deployment/versionmanager.php",33,exec_family,"        /* exec disabled: was $this->db->exec("""
"./includes/Developer/sdkgenerator.php",45,dynamic_include,"        require_once self::$templates[$language];"
"./includes/PageBuilder/aicontentservice.php",63,exec_family,"        $response = curl_exec($ch);"
"./includes/Providers/contentrenderer.php",47,dynamic_include,"        require_once $templatePath;"
"./includes/Providers/geminiprovider.php",32,exec_family,"        $response = curl_exec($ch);"
"./includes/Providers/openaiprovider.php",28,exec_family,"        $response = curl_exec($ch);"
"./includes/Theme/templateengine.php",40,dynamic_include,"        require_once $__target;"
"./includes/admin/layout.php",37,dynamic_include,"                require_once $sectionFile;"
"./includes/ai/AI/mediaservice.php",41,exec_family,"        $response = curl_exec($ch);"
"./includes/ai/AI/suggestionservice.php",46,exec_family,"            $result = curl_exec($ch);"
"./includes/ai/huggingfaceprovider.php",141,exec_family,"        $response = curl_exec($ch);"
"./includes/ai/openaiprovider.php",141,exec_family,"        $response = curl_exec($ch);"
"./includes/content/workflowmanager.php",241,db_new_pdo,"                throw new PDOException(""Failed to update/insert current workflow state for content ID {$contentId}."");"
"./includes/controllers/Admin/plugincontroller.php",244,dynamic_include,"            require_once $__target;"
"./includes/controllers/Admin/settingscontroller.php",92,dynamic_include,"            require_once $__target;"
"./includes/core/Core/ai.php",53,exec_family,"        $response = curl_exec($ch);"
"./includes/core/Core/middlewarepipeline.php",23,dynamic_include,"                require_once $resolved;"
"./includes/core/Core/plugin.php",82,dynamic_include,"            require_once $bootstrapFile;"
"./includes/core/Core/regionhealthmonitor.php",31,exec_family,"        $response = curl_exec($ch);"
"./includes/core/Core/regionsyncservice.php",58,exec_family,"        $response = curl_exec($ch);"
"./includes/core/Core/theme.php",35,dynamic_include,"        require_once $templateFile;"
"./includes/core/Core/view.php",45,dynamic_include,"        require_once $filePath;"
"./includes/core/bootstrap.php",8,dynamic_include,"    require_once $file;"
"./includes/core/coreloader.php",85,dynamic_include,"                    require_once $filePath;"
"./includes/core/coreloader.php",116,dynamic_include,"                    require_once $initFile;"
"./includes/database/migrationrunner.php",238,exec_family,"            /* exec disabled: was $pdo->exec("""
"./includes/database/migrationrunner.php",314,dynamic_include,"            require_once $__target;"
"./includes/database/migrationrunner.php",359,dynamic_include,"            require_once $__target;"
"./includes/database/migrator.php",97,exec_family,"        /* exec disabled: was $this->pdo->exec($sql) */"
"./includes/database/migrator.php",198,exec_family,"            /* exec disabled: was $this->pdo->exec($sqlContent) */"
"./includes/database/migrator.php",207,exec_family,"                /* exec disabled: was $this->pdo->exec($scriptReturnValue['up']) */"
"./includes/database/migrator.php",290,exec_family,"                /* exec disabled: was $this->pdo->exec($scriptReturnValue['down']) */"
"./includes/databaseconnection.php",27,exec_family,"    public function exec($statement) {"
"./includes/plugins/pluginmanager.php",113,dynamic_include,"                require_once $__target;"
"./includes/security/staticsecurityscanner.php",96,autoloader,"            if (preg_match('/\bspl_autoload_register\s*\(/', $line)) {"
"./includes/security/staticsecurityscanner.php",100,autoloader,"                    'kind' => 'spl_autoload_register',"
"./includes/security/staticsecurityscanner.php",104,autoloader,"            if (preg_match('/\bfunction\s+__autoload\s*\(/', $line)) {"
"./includes/security/staticsecurityscanner.php",108,autoloader,"                    'kind' => '__autoload',"
"./includes/services/Services/aidescriptionservice.php",67,exec_family,"        $response = curl_exec($ch);"
"./includes/services/Services/openaiservice.php",75,exec_family,"            $response = curl_exec($ch);"
"./includes/services/remotefetcher.php",53,exec_family,"        $response = curl_exec($ch);"
"./includes/services/webhookservice.php",51,exec_family,"        $response = curl_exec($ch);"
"./includes/services/websubhub.php",61,exec_family,"        curl_exec($ch);"
"./includes/services/workflowservice.php",204,exec_family,"        $response = curl_exec($ch);"
"./includes/theme/template.php",36,dynamic_include,"        require_once $templatePath;"
"./includes/theme/templateinheritance.php",89,dynamic_include,"        require_once $templatePath;"
"./includes/theme_functions.php",22,dynamic_include,"    require_once $viewPath;"
"./includes/theme_renderer.php",59,dynamic_include,"            require_once $target;"
"./includes/theme_renderer.php",93,dynamic_include,"            require_once $target;"
"./includes/theme_renderer.php",125,dynamic_include,"            require_once $target;"
"./includes/thememanager.php",155,dynamic_include,"        require_once $targetView;"
"./includes/thememanager.php",166,dynamic_include,"            require_once $targetLayout;"
"./includes/themerenderer.php",33,dynamic_include,"        require_once $templateFile;"
"./includes/viewrenderer.php",24,dynamic_include,"            require_once $target;"
"./includes/viewrenderer.php",30,dynamic_include,"                require_once $target;"
"./includes/viewrenderer.php",40,dynamic_include,"                require_once $target;"
"./includes/views/auth/passwords/email.php",9,dynamic_include," required autofocus>"
"./includes/views/auth/passwords/reset.php",11,dynamic_include," required>"
"./includes/views/auth/passwords/reset.php",17,dynamic_include," required>"
"./includes/views/auth/passwords/reset.php",23,dynamic_include," required>"
"./includes/views/emails/moderation/escalation.php",16,dynamic_include," requires immediate attention as it has exceeded the maximum allowed processing time.</p>"
"./includes/views/view.php",23,dynamic_include,"        require_once $viewPath;"
"./includes/widgetmanager.php",44,dynamic_include,"            require_once $target;"
"./includes/widgetmanager.php",134,dynamic_include,"            require_once $target;"
"./migrate.php",61,dynamic_include,"require_once $absTarget;"
"./migrate.php",77,dynamic_include,"    require_once $migTarget;"
"./modules/FlowGenerator/FlowSender.php",24,exec_family,"        $response = curl_exec($ch);"
"./modules/ai-content/ApiIntegration.php",58,exec_family,"        $response = curl_exec($ch);"
"./modules/content/services/templaterenderer.php",62,dynamic_include,"        require_once $templateFile;"
"./modules/plugin-system/PluginManager.php",48,dynamic_include,"            require_once $pluginFile;"
"./modules/theme-engine/ThemeEngine.php",38,dynamic_include,"        require_once $templatePath;"
"./phases/phase9/core_engine.php",114,dynamic_include,"    require_once $target;"
"./plugins/enhancedpluginloader.php",25,dynamic_include,"                require_once $pluginFile;"
"./plugins/pluginloader.php",39,dynamic_include,"                require_once $pluginTarget;"
"./public/admin-access.php",1,dev_gate_missing,"File does not check DEV_MODE"
"./public/admin-access.php",87,dynamic_include," required>"
"./public/admin-access.php",92,dynamic_include," required>"
"./public/admin/comments.php",1,dev_gate_missing,"File does not check DEV_MODE"
"./public/admin/comments_approve.php",1,dev_gate_missing,"File does not check DEV_MODE"
"./public/admin/comments_delete.php",1,dev_gate_missing,"File does not check DEV_MODE"
"./public/admin/index.php",1,dev_gate_missing,"File does not check DEV_MODE"
"./public/admin/login.php",1,dev_gate_missing,"File does not check DEV_MODE"
"./public/admin/login.php",28,dynamic_include,"        require_once $rlTarget;"
"./public/admin/menus.php",1,dev_gate_missing,"File does not check DEV_MODE"
"./public/admin/menus_create.php",1,dev_gate_missing,"File does not check DEV_MODE"
"./public/admin/menus_create.php",85,dynamic_include," required"
"./public/admin/menus_create.php",92,dynamic_include," required"
"./public/admin/menus_delete.php",1,dev_gate_missing,"File does not check DEV_MODE"
"./public/admin/menus_edit.php",1,dev_gate_missing,"File does not check DEV_MODE"
"./public/admin/menus_edit.php",101,dynamic_include," required"
"./public/admin/menus_edit.php",108,dynamic_include," required"
"./public/admin/themes.php",1,dev_gate_missing,"File does not check DEV_MODE"
"./public/admin/views/admin_users/confirm_delete.php",1,dev_gate_missing,"File does not check DEV_MODE"
"./public/admin/views/admin_users/create.php",1,dev_gate_missing,"File does not check DEV_MODE"
"./public/admin/views/admin_users/create.php",12,dynamic_include," required>"
"./public/admin/views/admin_users/create.php",21,dynamic_include," required>"
"./public/admin/views/admin_users/create.php",30,dynamic_include," required>"
"./public/admin/views/admin_users/create.php",39,dynamic_include," required>"
"./public/admin/views/admin_users/create.php",45,dynamic_include," required>"
"./public/admin/views/admin_users/edit.php",1,dev_gate_missing,"File does not check DEV_MODE"
"./public/admin/views/admin_users/edit.php",13,dynamic_include," required>"
"./public/admin/views/admin_users/index.php",1,dev_gate_missing,"File does not check DEV_MODE"
"./public/admin/views/content/create.php",1,dev_gate_missing,"File does not check DEV_MODE"
"./public/admin/views/content/create.php",42,dynamic_include," required>"
"./public/admin/views/content/create.php",48,dynamic_include," required>"
"./public/admin/views/content/create.php",60,dynamic_include," required></textarea>"
"./public/admin/views/content/create.php",66,dynamic_include," required>"
"./public/admin/views/content/edit.php",1,dev_gate_missing,"File does not check DEV_MODE"
"./public/admin/views/content/edit.php",45,dynamic_include," required>"
"./public/admin/views/content/edit.php",51,dynamic_include," required>"
"./public/admin/views/content/edit.php",64,dynamic_include," required>"
"./public/admin/views/content/edit.php",72,dynamic_include," required>"
"./public/admin/views/content/index.php",1,dev_gate_missing,"File does not check DEV_MODE"
"./public/admin/views/content/preview.php",1,dev_gate_missing,"File does not check DEV_MODE"
"./public/admin/views/layout.php",1,dev_gate_missing,"File does not check DEV_MODE"
"./public/admin/views/layout.php",49,dynamic_include,"            require_once $target;"
"./public/admin/views/partials/language_switcher.php",1,dev_gate_missing,"File does not check DEV_MODE"
"./public/analytics-dashboard/index.php",1,dev_gate_missing,"File does not check DEV_MODE"
"./public/analytics-server.php",1,dev_gate_missing,"File does not check DEV_MODE"
"./public/analytics/dashboard.php",1,dev_gate_missing,"File does not check DEV_MODE"
"./public/api.php",1,dev_gate_missing,"File does not check DEV_MODE"
"./public/api/ai-metrics.php",1,dev_gate_missing,"File does not check DEV_MODE"
"./public/api/ai/translation.php",1,dev_gate_missing,"File does not check DEV_MODE"
"./public/api/analytics/tenant.php",1,dev_gate_missing,"File does not check DEV_MODE"
"./public/api/auth/login.php",1,dev_gate_missing,"File does not check DEV_MODE"
"./public/api/auth/logout.php",1,dev_gate_missing,"File does not check DEV_MODE"
"./public/api/auth/register.php",1,dev_gate_missing,"File does not check DEV_MODE"
"./public/api/content/list.php",1,dev_gate_missing,"File does not check DEV_MODE"
"./public/api/content/load.php",1,dev_gate_missing,"File does not check DEV_MODE"
"./public/api/content/restore-version.php",1,dev_gate_missing,"File does not check DEV_MODE"
"./public/api/content/save.php",1,dev_gate_missing,"File does not check DEV_MODE"
"./public/api/content/version-diff.php",1,dev_gate_missing,"File does not check DEV_MODE"
"./public/api/federation/sync.php",1,dev_gate_missing,"File does not check DEV_MODE"
"./public/api/mcp/status.php",1,dev_gate_missing,"File does not check DEV_MODE"
"./public/api/media/upload.php",1,dev_gate_missing,"File does not check DEV_MODE"
"./public/api/metrics.php",1,dev_gate_missing,"File does not check DEV_MODE"
"./public/api/metrics_dashboard.php",1,dev_gate_missing,"File does not check DEV_MODE"
"./public/api/notifications/poll.php",1,dev_gate_missing,"File does not check DEV_MODE"
"./public/api/status/phase10.php",1,dev_gate_missing,"File does not check DEV_MODE"
"./public/api/task-runner.php",1,dev_gate_missing,"File does not check DEV_MODE"
"./public/api/v1/ai/history.php",1,dev_gate_missing,"File does not check DEV_MODE"
"./public/api/v1/analytics/track-engagement.php",1,dev_gate_missing,"File does not check DEV_MODE"
"./public/api/v1/analytics/track-view.php",1,dev_gate_missing,"File does not check DEV_MODE"
"./public/api/v1/blog.php",1,dev_gate_missing,"File does not check DEV_MODE"
"./public/api/v1/content.php",1,dev_gate_missing,"File does not check DEV_MODE"
"./public/api/v1/content/create.php",1,dev_gate_missing,"File does not check DEV_MODE"
"./public/api/v1/content/history.php",1,dev_gate_missing,"File does not check DEV_MODE"
"./public/api/v1/content/relations.php",1,dev_gate_missing,"File does not check DEV_MODE"
"./public/api/v1/content/states.php",1,dev_gate_missing,"File does not check DEV_MODE"
"./public/api/v1/content/versions.php",1,dev_gate_missing,"File does not check DEV_MODE"
"./public/api/v1/index.php",1,dev_gate_missing,"File does not check DEV_MODE"
"./public/api/v1/media/search.php",1,dev_gate_missing,"File does not check DEV_MODE"
"./public/api/v1/users/login.php",1,dev_gate_missing,"File does not check DEV_MODE"
"./public/api/v1/users/profile.php",1,dev_gate_missing,"File does not check DEV_MODE"
"./public/api/v1/users/register.php",1,dev_gate_missing,"File does not check DEV_MODE"
"./public/api/version/compare.php",1,dev_gate_missing,"File does not check DEV_MODE"
"./public/api/workflows.php",1,dev_gate_missing,"File does not check DEV_MODE"
"./public/api/workflows/run.php",1,dev_gate_missing,"File does not check DEV_MODE"
"./public/health_check.php",1,dev_gate_missing,"File does not check DEV_MODE"
"./public/index.php",1,dev_gate_missing,"File does not check DEV_MODE"
"./public/login.php",1,dev_gate_missing,"File does not check DEV_MODE"
"./public/login.php",84,dynamic_include," required>"
"./public/maintenance.php",1,dev_gate_missing,"File does not check DEV_MODE"
"./public/post.php",1,dev_gate_missing,"File does not check DEV_MODE"
"./public/post.php",83,dynamic_include," required"
"./public/post.php",90,dynamic_include," required"
"./public/post.php",97,dynamic_include," required><?="
"./public/robots.php",1,dev_gate_missing,"File does not check DEV_MODE"
"./public/routes.php",1,dev_gate_missing,"File does not check DEV_MODE"
"./public/static/page-handler.php",1,dev_gate_missing,"File does not check DEV_MODE"
"./public/static/page-handler.php",41,dynamic_include,"require_once $templateTarget;"
"./public/templates/components/language_switcher.php",1,dev_gate_missing,"File does not check DEV_MODE"
"./public/track.php",1,dev_gate_missing,"File does not check DEV_MODE"
"./public/views/version-comparison/index.php",1,dev_gate_missing,"File does not check DEV_MODE"
"./public/views/version-comparison/versioncomparisonview.php",1,dev_gate_missing,"File does not check DEV_MODE"
"./public/views/version-comparison/versionnav.php",1,dev_gate_missing,"File does not check DEV_MODE"
"./public/views/version-comparison/versionstats.php",1,dev_gate_missing,"File does not check DEV_MODE"
"./public/workflow-admin.php",1,dev_gate_missing,"File does not check DEV_MODE"
"./public/ws/presence.php",1,dev_gate_missing,"File does not check DEV_MODE"
"./routes_custom/web.php",38,dynamic_include,"                require_once $fbTarget;"
"./routes_custom/web.php",71,dynamic_include,"                require_once $fbTarget;"
"./routes_custom/web.php",112,dynamic_include,"                require_once $fbTarget;"
"./routes_custom/web.php",145,dynamic_include,"                require_once $fbTarget;"
"./scripts/deployment/database_migration.php",75,dynamic_include,"        require_once $path;"
"./scripts/run_migration.php",38,exec_family,"    $conn->exec($sql);"
"./scripts/run_migrations.php",26,dynamic_include,"    require_once $dbTarget;"
"./scripts/run_migrations.php",247,dynamic_include,"                        require_once $loadTarget; // Use require_once to prevent multiple inclusions"
"./scripts/run_migrations.php",367,dynamic_include,"                require_once $namedTarget; // Include the file - it should define the class"
"./scripts/run_migrations.php",388,dynamic_include,"                require_once $fallbackTarget;      // Execute the script"
"./scripts/run_phase2_migrations.php",60,dynamic_include,"        require_once $filename;"
"./services/ConfigurationService.php",69,exec_family,"            $this->db->exec(""DELETE FROM {$this->table}"");"
"./services/PreviewRenderer.php",57,dynamic_include,"        require_once $templatePath;"
"./services/ScalingService.php",127,exec_family,"        $response = curl_exec($ch);"
"./services/TemplateRenderer.php",20,dynamic_include,"        require_once $templatePath;"
"./services/aiexportenhancer.php",85,exec_family,"        $response = curl_exec($ch);"
"./services/cdn/EdgeCacheService.php",45,exec_family,"        $response = curl_exec($ch);"
"./services/cdn/FailoverController.php",31,exec_family,"        curl_exec($ch);"
"./services/cdn/GeoDNSService.php",41,exec_family,"        $response = curl_exec($ch);"
"./setup.php",33,exec_family,"    /* exec disabled: was $db->exec($sql) */"
"./templates/admin/login.php",86,dynamic_include," required>"
"./templates/admin/login.php",91,dynamic_include," required>"
"./templates/admin/personalization-rules.php",25,dynamic_include," required>"
"./templates/auth/forgot-password.php",20,dynamic_include," required>"
"./templates/auth/reset-password.php",20,dynamic_include," required>"
"./templates/auth/reset-password.php",25,dynamic_include," required>"
"./templates/auth/reset-password.php",30,dynamic_include," required>"
"./templates/login.php",83,dynamic_include," required>"
"./templates/login.php",89,dynamic_include," required>"
"./themes/current/views/admin/multisite/create.php",5,dynamic_include,"    require_once $__core;"
"./themes/current/views/admin/multisite/edit.php",5,dynamic_include,"    require_once $__core;"
"./themes/current/views/admin/multisite/index.php",5,dynamic_include,"    require_once $__core;"
"./themes/current/views/auth/login.php",11,dynamic_include,"    require_once $target;"
"./views/auth/login.php",17,dynamic_include," required>"
"./views/auth/login.php",22,dynamic_include," required>"
"./views/auth/login.php",27,dynamic_include," required>"
"./views/generate-content-view.php",26,dynamic_include," required>"
"./views/media-gallery-view.php",44,dynamic_include," required>"
"./views/media-gallery-view.php",51,dynamic_include," required>"
"./views/pages/edit.php",30,dynamic_include," required>"
path,line,type,snippet
